YU38190	Doug	8 Loeprich Lane	696-437-7483	Babakan	S3R-1D4	552	97
OX46506	Dougie	67996 Carpenter Parkway	558-340-5856	Gandra	Y5I-8Y2	154	84
MQ81394	Appolonia	761 Sunfield Plaza	211-696-5041	Kendayakan	Z1H-9J7	521	51
SK85519	Verney	8822 Ridgeway Road	613-145-0364	Titay	V4L-4I7	818	59
JX60558	Mara	47 Linden Parkway	852-845-5002	Bayanbulag	M2I-9V0	753	54
US64391	Lorin	5719 Vera Way	464-577-0002	Vrangel’	E6A-6A8	659	62
YK71328	Carina	5442 Jenna Drive	708-585-5249	Gandra	S2M-9R3	814	95
JZ61083	Alanson	22621 Mariners Cove Hill	251-664-1891	Angatel	G3W-1V5	24	16
NA43648	Livvy	6939 Waywood Hill	978-851-2378	Fuliang	U4D-5V9	76	98
YL63487	Cosetta	64 Shopko Drive	433-542-3087	Raheny	E5Z-7D9	975	38
FZ64829	Goldarina	22 1st Plaza	959-430-6671	Dalo	P8V-1L2	503	31
UO83590	Brod	4235 Comanche Hill	271-370-2836	Nanshao	H6S-6R1	81	75
PH36561	Marena	7734 Basil Parkway	427-209-0614	Lao Suea Kok	O1P-1Q3	311	46
PN00349	Essie	78 Longview Hill	707-829-0939	Buenlag	K1G-7I3	224	31
CI46890	Rabbi	3927 Barby Drive	181-880-1880	Gandra	O8T-3B7	874	15
FM73153	Farand	13975 Ruskin Park	118-917-0221	Borkowice	U5O-0S3	834	95
KF90603	Gael	121 Hintze Road	269-192-5812	Guayabal	B4X-2J2	757	57
RX71601	Maryl	89 Pond Terrace	728-935-8711	Wenci	O7L-3W4	2	52
GI40924	Gretal	98 Warrior Plaza	104-104-5883	Caxito	U9W-9I6	559	44
UD24246	Zora	1382 Johnson Court	327-705-8981	Urbano Noris	P3U-4E2	797	83
SY89951	Lois	8191 Beilfuss Alley	567-123-0273	Waddān	U4N-4L3	346	9
AL48407	Valentijn	9 Rowland Place	167-675-1245	Concepcion	P8A-3T0	647	86
IS53766	Alikee	977 3rd Lane	987-179-3148	Preobrazheniye	P5P-1L7	289	83
JR99827	Celie	3 Fairview Avenue	166-458-0570	Zhangtan	Q1D-6Z2	965	81
LF15550	Henderson	634 Manitowish Way	741-578-3746	Ganting	Q2N-3P2	46	48
AX09186	Amie	3 Eliot Hill	933-922-6263	Malbug	E6A-4D5	136	67
IA16761	Coreen	0876 Vermont Point	459-631-7596	Várzea Alegre	S9I-9C2	799	92
SM99179	Amara	5066 Del Sol Circle	209-585-7032	Tungi	C2U-1M7	926	60
DD62330	Cherri	624 Miller Pass	664-117-0404	Debrecen	R2U-3P0	593	9
VI25760	Gerik	24844 Boyd Road	139-737-8465	Bafang	A3G-9X0	936	53
HB96359	Desdemona	7 Kennedy Road	612-109-2159	Puerto Galera	K6H-8C3	729	43
NH48101	Emmott	4 Lake View Avenue	239-420-5072	Nowlamary	G9Y-6B3	995	4
JX65485	Vassili	5508 Susan Parkway	420-729-4759	Dao	D4O-8W0	460	54
ZD91632	Sissy	006 Dorton Road	760-573-2608	Xazgat	U2Y-0F1	191	58
GO67087	Odie	775 Evergreen Point	193-878-8016	Mzuzu	L3G-2Z0	812	90
NN23651	Nealy	0 Sunbrook Place	270-447-2970	Vladikavkaz	J9G-6D1	760	54
IY21500	Benson	83 Saint Paul Circle	718-942-7942	Xianchiyu	D4R-5U9	289	86
IE85384	Thorpe	8 Beilfuss Crossing	783-594-1798	Echeng	S4U-4I9	281	27
MY68909	Bealle	95813 Drewry Circle	204-659-4589	Nanshan	B1J-3Y0	810	65
ZD70405	Kimberley	86173 Sloan Court	581-105-1838	Lille	O6I-1F4	567	8
EB10221	Sande	44862 Artisan Center	210-390-6764	Mường Nhé	D5E-9L1	933	58
BO20178	Eb	00 Fisk Center	335-935-4370	Dengmu	V6W-1G3	127	39
AH62931	Ellette	89936 Amoth Plaza	623-315-5044	Beloyarskiy	B1H-0M4	548	37
JK58038	Sheeree	99326 Holmberg Crossing	703-155-2720	Santa Barbara	A0W-9M4	437	29
NW24955	Reidar	45 Mallory Point	535-469-5280	Protección	E4O-3C2	332	12
OP14239	Dosi	48822 Commercial Park	154-562-3794	Hongmen	P0Y-2R5	626	90
QV71683	Far	23 Prairie Rose Plaza	422-849-6007	Yihe	R6S-5E5	132	64
ZO63603	Aleta	0648 Arapahoe Parkway	636-193-1626	Sabang	S7S-2W7	68	18
YI15132	Constantina	75164 Duke Parkway	488-884-6630	Paço	H6S-2I2	650	94
SA79821	Hermy	5 Rigney Circle	332-653-2959	Casais Brancos	R5W-9U6	841	11
DW70855	Merwin	9715 Birchwood Junction	680-376-2136	Meishan	E8W-5N9	696	35
UQ36077	Corilla	9122 Fairfield Junction	909-164-8369	Granada	G8C-8S1	809	9
IU95704	Alane	70 Melody Street	576-234-0440	Zborovice	Y7V-3O8	692	19
IK03634	Sergei	66984 Bartillon Terrace	183-367-0596	Jeziorany	U3C-7U8	896	9
OR05193	Emmeline	52 Farragut Trail	829-476-7879	Batubantar	P4L-9F7	636	5
KD28870	Phillipp	1 Welch Court	931-438-4005	Shikhazany	J3Z-8N6	2	71
WR19215	Hayes	8222 Paget Hill	472-228-4245	Butou	K0R-2K1	341	74
OC27891	Meredith	62801 Steensland Court	721-139-9285	Zbraslavice	M8M-7D4	485	70
GK20327	Hyman	43650 Del Sol Hill	439-247-5202	Sahagún	B2I-1C9	475	60
FF20916	Janifer	2 Novick Court	498-507-6990	Rothesay Bay	E4U-7I3	273	74
EP90470	Dasi	81 Sloan Center	767-764-1300	Ciguha Tengah	M2Z-2S6	847	21
ZT49747	Currey	82485 Golf Course Way	747-521-5581	Anshan	G6Z-2L8	350	19
VQ98624	Bevon	3013 Hooker Parkway	129-143-2360	Uzyn	W5X-2T7	165	59
VR77839	Vin	623 Coleman Terrace	907-258-7637	Plácido de Castro	M9F-5G6	953	31
ED74759	Odelle	5289 Hansons Junction	151-160-2226	Francisco I Madero	G1U-7Y6	508	52
YN79657	Efren	95 Stuart Street	775-909-8209	Tarhuna	M4E-5J6	368	27
ZA13528	Raleigh	5 Express Trail	465-540-1427	Dongxin	T3P-8I9	535	45
TN76804	Korey	5 Sundown Lane	215-565-5609	Colmar	V0K-6K4	436	100
OB00205	Glyn	61441 Kennedy Pass	914-606-2528	Xihuachi	R5W-5R9	302	48
QL45280	Elsey	7508 Di Loreto Point	224-634-1191	Nagrog	G3Q-5W0	385	97
KU22019	Meade	5229 Northview Trail	628-639-6956	Hoçisht	P6T-2D7	218	89
KY38183	Robin	6377 Michigan Pass	886-727-9226	Shimabara	L8U-1L7	808	10
DA09887	Lindsey	9113 Elgar Junction	817-356-4896	Degan	W0H-8S6	194	29
EE37721	Imelda	8 Debra Street	597-696-6555	Yurla	V3C-4T2	263	92
RF04016	Hunfredo	1 Harper Drive	809-636-9569	Valvedditturai	K3N-8R2	503	100
PI77637	Lorenzo	08274 Lukken Alley	170-795-3757	Nowa Sól	J5D-0K8	950	75
CR35674	Mignon	61061 Meadow Valley Center	717-698-7067	Loúros	I9K-4W9	855	9
SR02760	Sande	50193 Southridge Pass	870-352-9253	Guaitarilla	G7E-9U0	276	85
SO71980	Gusta	4482 Gale Street	353-892-6344	Santa Monica	N3D-1Y7	369	8
WI50723	Jemmy	4 Acker Parkway	846-464-9417	Cucutilla	N7I-1B4	384	72
YA72305	Bettina	8 Killdeer Lane	833-734-6448	Casais Baleal	U0S-2R8	375	49
IL76901	Wallis	1 Waywood Court	470-551-2114	Rancapanjang	B4V-3W6	334	62
YV09479	Minda	0083 Iowa Plaza	205-695-5428	Santa Nino	S8W-1A9	759	54
ND05471	Elyssa	9262 Pleasure Hill	740-900-2756	Rijau	S4P-8B7	445	64
AN66721	Auguste	33044 Waxwing Way	632-934-6463	San Luis Jilotepeque	U1O-0F1	572	40
LY29705	Fletcher	43918 Lerdahl Circle	883-481-5600	Kowang Utara	B7P-2R9	21	36
OZ95010	Elizabeth	0 Huxley Circle	579-341-5121	Al Jubayhah	D8E-9H6	544	9
YH78749	Winthrop	024 Fairview Circle	334-255-5939	As Samawah	Q6E-8Z4	282	48
BA77278	Regine	29 Lakewood Gardens Center	734-575-0831	Extrema	C4K-1G4	222	56
EH85392	Bel	51 Vahlen Terrace	998-903-5810	Lindavista	L5F-2C7	552	84
OM10811	Emma	0 Magdeline Circle	972-142-1813	Yoshida-kasugachō	M0G-4X7	987	31
CI55107	Dagmar	21392 Becker Terrace	903-638-5018	Chalchuapa	Q1X-8Q7	540	74
GI49881	Sofia	13682 5th Avenue	999-109-9321	Slutsk	Q5Y-3L8	801	62
VF28874	Hamlen	82271 Dwight Drive	255-124-1923	Khayr Kōṯ	J1J-6O7	682	87
SF09603	Kikelia	01608 Loomis Point	687-208-8552	Bauchi	Y5V-5O4	361	69
XM34748	Reynolds	898 Meadow Valley Park	754-995-6894	McKinley	P0V-1O2	366	55
WQ65757	Thaddeus	732 Derek Lane	144-981-0910	Dehī	F9B-8U6	737	17
AW56187	Brooks	6860 Northview Court	645-333-1091	Lincha	H9C-5I1	643	91
PU63850	Sigfried	90 Oakridge Park	406-674-3916	Llocllapampa	D8O-9W7	335	18
JW02048	Camella	6050 Algoma Plaza	263-659-4456	Sumuragung	K1B-7G3	559	27
